{
"meta":{"test_sets":[],"test_metrics":[],"learn_metrics":[{"best_value":"Min","name":"RMSE"}],"launch_mode":"Train","parameters":"","iteration_count":328,"learn_sets":["learn"],"name":"experiment"},
"iterations":[
{"learn":[15.64359031],"iteration":0,"passed_time":0.1491379041,"remaining_time":48.76809464},
{"learn":[15.04396079],"iteration":1,"passed_time":0.1518260871,"remaining_time":24.7476522},
{"learn":[14.45569151],"iteration":2,"passed_time":0.1556375048,"remaining_time":16.86072968},
{"learn":[13.91258755],"iteration":3,"passed_time":0.1577290346,"remaining_time":12.7760518},
{"learn":[13.37862979],"iteration":4,"passed_time":0.1601073313,"remaining_time":10.3429336},
{"learn":[12.88225586],"iteration":5,"passed_time":0.1628368067,"remaining_time":8.738908626},
{"learn":[12.39695818],"iteration":6,"passed_time":0.1647536002,"remaining_time":7.555129378},
{"learn":[11.92523385],"iteration":7,"passed_time":0.1667669132,"remaining_time":6.670676527},
{"learn":[11.47020798],"iteration":8,"passed_time":0.1694292696,"remaining_time":6.005326333},
{"learn":[11.03214466],"iteration":9,"passed_time":0.1717116543,"remaining_time":5.460430605},
{"learn":[10.63710295],"iteration":10,"passed_time":0.1740238791,"remaining_time":5.015051789},
{"learn":[10.2793739],"iteration":11,"passed_time":0.1763937572,"remaining_time":4.645035606},
{"learn":[9.923378722],"iteration":12,"passed_time":0.178530617,"remaining_time":4.325934181},
{"learn":[9.568007657],"iteration":13,"passed_time":0.1804017948,"remaining_time":4.04615454},
{"learn":[9.226009025],"iteration":14,"passed_time":0.1821760699,"remaining_time":3.801407326},
{"learn":[8.88603432],"iteration":15,"passed_time":0.1838919465,"remaining_time":3.585892958},
{"learn":[8.562125877],"iteration":16,"passed_time":0.1859363729,"remaining_time":3.40154188},
{"learn":[8.255246654],"iteration":17,"passed_time":0.1876489171,"remaining_time":3.23173135},
{"learn":[7.958938959],"iteration":18,"passed_time":0.1893597844,"remaining_time":3.079588072},
{"learn":[7.676444305],"iteration":19,"passed_time":0.1910565492,"remaining_time":2.942270857},
{"learn":[7.423151366],"iteration":20,"passed_time":0.1929987565,"remaining_time":2.821458012},
{"learn":[7.161692877],"iteration":21,"passed_time":0.1949462934,"remaining_time":2.711525717},
{"learn":[6.922594428],"iteration":22,"passed_time":0.196687063,"remaining_time":2.608241487},
{"learn":[6.681503576],"iteration":23,"passed_time":0.1982562558,"remaining_time":2.511245907},
{"learn":[6.454366995],"iteration":24,"passed_time":0.2000772266,"remaining_time":2.424935986},
{"learn":[6.235145845],"iteration":25,"passed_time":0.2021260131,"remaining_time":2.347771383},
{"learn":[6.023677814],"iteration":26,"passed_time":0.20404025,"remaining_time":2.274670935},
{"learn":[5.817913221],"iteration":27,"passed_time":0.2059129256,"remaining_time":2.206209918},
{"learn":[5.62810141],"iteration":28,"passed_time":0.2078681431,"remaining_time":2.143192234},
{"learn":[5.4424005],"iteration":29,"passed_time":0.2098807937,"remaining_time":2.084815884},
{"learn":[5.266541114],"iteration":30,"passed_time":0.2119227532,"remaining_time":2.0303567},
{"learn":[5.107666528],"iteration":31,"passed_time":0.2136856945,"remaining_time":1.976592674},
{"learn":[4.96477744],"iteration":32,"passed_time":0.2152755559,"remaining_time":1.924433},
{"learn":[4.815884044],"iteration":33,"passed_time":0.217400986,"remaining_time":1.879879115},
{"learn":[4.665912553],"iteration":34,"passed_time":0.2192247285,"remaining_time":1.835224156},
{"learn":[4.533638183],"iteration":35,"passed_time":0.2209178861,"remaining_time":1.79188952},
{"learn":[4.398735122],"iteration":36,"passed_time":0.2226363934,"remaining_time":1.751005148},
{"learn":[4.270708375],"iteration":37,"passed_time":0.2246060952,"remaining_time":1.714099147},
{"learn":[4.141359021],"iteration":38,"passed_time":0.2266254542,"remaining_time":1.679352725},
{"learn":[4.015201487],"iteration":39,"passed_time":0.2290148164,"remaining_time":1.648906678},
{"learn":[3.895535684],"iteration":40,"passed_time":0.230841418,"remaining_time":1.615889926},
{"learn":[3.779126039],"iteration":41,"passed_time":0.2328165354,"remaining_time":1.585369741},
{"learn":[3.665417724],"iteration":42,"passed_time":0.2345120873,"remaining_time":1.554324299},
{"learn":[3.560152176],"iteration":43,"passed_time":0.2362418876,"remaining_time":1.524834002},
{"learn":[3.460203834],"iteration":44,"passed_time":0.2379448335,"remaining_time":1.496408619},
{"learn":[3.3645301],"iteration":45,"passed_time":0.2395669423,"remaining_time":1.468649516},
{"learn":[3.274946891],"iteration":46,"passed_time":0.2415453448,"remaining_time":1.444132806},
{"learn":[3.188661767],"iteration":47,"passed_time":0.2433505253,"remaining_time":1.419544731},
{"learn":[3.100272944],"iteration":48,"passed_time":0.2450155569,"remaining_time":1.395088579},
{"learn":[3.021006231],"iteration":49,"passed_time":0.2466980549,"remaining_time":1.371641185},
{"learn":[2.939534942],"iteration":50,"passed_time":0.2484953148,"remaining_time":1.349670631},
{"learn":[2.863521636],"iteration":51,"passed_time":0.2502415522,"remaining_time":1.328205162},
{"learn":[2.794173503],"iteration":52,"passed_time":0.2519227259,"remaining_time":1.307146219},
{"learn":[2.73123089],"iteration":53,"passed_time":0.2535855736,"remaining_time":1.286711984},
{"learn":[2.664597057],"iteration":54,"passed_time":0.255268498,"remaining_time":1.267059999},
{"learn":[2.596743104],"iteration":55,"passed_time":0.2568899732,"remaining_time":1.247751299},
{"learn":[2.534547173],"iteration":56,"passed_time":0.258685704,"remaining_time":1.22989168},
{"learn":[2.474394881],"iteration":57,"passed_time":0.2603064724,"remaining_time":1.211771509},
{"learn":[2.416400039],"iteration":58,"passed_time":0.2620964785,"remaining_time":1.194982249},
{"learn":[2.362925735],"iteration":59,"passed_time":0.2641121866,"remaining_time":1.1797011},
{"learn":[2.309391094],"iteration":60,"passed_time":0.2658293319,"remaining_time":1.163548059},
{"learn":[2.260198848],"iteration":61,"passed_time":0.2676594971,"remaining_time":1.148345584},
{"learn":[2.214540923],"iteration":62,"passed_time":0.2693808523,"remaining_time":1.133109934},
{"learn":[2.167654717],"iteration":63,"passed_time":0.2712381793,"remaining_time":1.11885749},
{"learn":[2.122428971],"iteration":64,"passed_time":0.2729868238,"remaining_time":1.104546687},
{"learn":[2.0795846],"iteration":65,"passed_time":0.2746107089,"remaining_time":1.090121299},
{"learn":[2.03716821],"iteration":66,"passed_time":0.2761903994,"remaining_time":1.075905884},
{"learn":[2.000100335],"iteration":67,"passed_time":0.2778150623,"remaining_time":1.062234062},
{"learn":[1.963409169],"iteration":68,"passed_time":0.2797169134,"remaining_time":1.049951892},
{"learn":[1.931709815],"iteration":69,"passed_time":0.2814960649,"remaining_time":1.037514068},
{"learn":[1.895066257],"iteration":70,"passed_time":0.2831953081,"remaining_time":1.025087242},
{"learn":[1.859752839],"iteration":71,"passed_time":0.2849019394,"remaining_time":1.012984673},
{"learn":[1.830972509],"iteration":72,"passed_time":0.2866287319,"remaining_time":1.001237351},
{"learn":[1.795715154],"iteration":73,"passed_time":0.2884217078,"remaining_time":0.989988024},
{"learn":[1.763791115],"iteration":74,"passed_time":0.2900881479,"remaining_time":0.9785640189},
{"learn":[1.739361698],"iteration":75,"passed_time":0.2916619526,"remaining_time":0.9670896323},
{"learn":[1.712914039],"iteration":76,"passed_time":0.2933512741,"remaining_time":0.9562489584},
{"learn":[1.684410558],"iteration":77,"passed_time":0.2951463909,"remaining_time":0.9459820222},
{"learn":[1.662479446],"iteration":78,"passed_time":0.2967716285,"remaining_time":0.9353941202},
{"learn":[1.635949206],"iteration":79,"passed_time":0.298433565,"remaining_time":0.9251440514},
{"learn":[1.609165507],"iteration":80,"passed_time":0.3000750268,"remaining_time":0.9150436002},
{"learn":[1.586328673],"iteration":81,"passed_time":0.3018765399,"remaining_time":0.9056296197},
{"learn":[1.564185822],"iteration":82,"passed_time":0.303497255,"remaining_time":0.8958653911},
{"learn":[1.541104888],"iteration":83,"passed_time":0.305161845,"remaining_time":0.8864225021},
{"learn":[1.521682618],"iteration":84,"passed_time":0.3067990095,"remaining_time":0.8770842271},
{"learn":[1.500077127],"iteration":85,"passed_time":0.3084450856,"remaining_time":0.8679501245},
{"learn":[1.482669312],"iteration":86,"passed_time":0.3102656708,"remaining_time":0.8594715709},
{"learn":[1.464356198],"iteration":87,"passed_time":0.3119649132,"remaining_time":0.8508133998},
{"learn":[1.452255066],"iteration":88,"passed_time":0.313939753,"remaining_time":0.8430516963},
{"learn":[1.436612963],"iteration":89,"passed_time":0.3155506806,"remaining_time":0.8344562442},
{"learn":[1.418721815],"iteration":90,"passed_time":0.3174168618,"remaining_time":0.8266790797},
{"learn":[1.401097137],"iteration":91,"passed_time":0.3190062817,"remaining_time":0.8183204617},
{"learn":[1.389227258],"iteration":92,"passed_time":0.320597316,"remaining_time":0.8101114975},
{"learn":[1.374806469],"iteration":93,"passed_time":0.3223216766,"remaining_time":0.8023752376},
{"learn":[1.359787373],"iteration":94,"passed_time":0.3240313209,"remaining_time":0.7947294502},
{"learn":[1.345505033],"iteration":95,"passed_time":0.3258562046,"remaining_time":0.7874858278},
{"learn":[1.334112912],"iteration":96,"passed_time":0.3275303009,"remaining_time":0.7799948402},
{"learn":[1.319948473],"iteration":97,"passed_time":0.3291809976,"remaining_time":0.7725676474},
{"learn":[1.305770556],"iteration":98,"passed_time":0.3307490232,"remaining_time":0.7650659223},
{"learn":[1.290247699],"iteration":99,"passed_time":0.3324269438,"remaining_time":0.7579334319},
{"learn":[1.277375019],"iteration":100,"passed_time":0.3341214478,"remaining_time":0.7509462242},
{"learn":[1.265483075],"iteration":101,"passed_time":0.3356398894,"remaining_time":0.7436726961},
{"learn":[1.254324467],"iteration":102,"passed_time":0.3373013097,"remaining_time":0.7368232494},
{"learn":[1.243616681],"iteration":103,"passed_time":0.3390275072,"remaining_time":0.7302130925},
{"learn":[1.232804968],"iteration":104,"passed_time":0.3408322665,"remaining_time":0.7238628137},
{"learn":[1.224514867],"iteration":105,"passed_time":0.3424758502,"remaining_time":0.7172607428},
{"learn":[1.213383648],"iteration":106,"passed_time":0.3441136009,"remaining_time":0.7107393066},
{"learn":[1.204007575],"iteration":107,"passed_time":0.3459964228,"remaining_time":0.7048075279},
{"learn":[1.195011543],"iteration":108,"passed_time":0.3476347934,"remaining_time":0.6984588969},
{"learn":[1.186334147],"iteration":109,"passed_time":0.3495273435,"remaining_time":0.6926996444},
{"learn":[1.178064727],"iteration":110,"passed_time":0.3513254205,"remaining_time":0.6868253715},
{"learn":[1.17033356],"iteration":111,"passed_time":0.3529933048,"remaining_time":0.6807728021},
{"learn":[1.163794124],"iteration":112,"passed_time":0.3545322074,"remaining_time":0.67455243},
{"learn":[1.155989812],"iteration":113,"passed_time":0.3562751376,"remaining_time":0.6687971882},
{"learn":[1.146386077],"iteration":114,"passed_time":0.3581317205,"remaining_time":0.6633222302},
{"learn":[1.13869539],"iteration":115,"passed_time":0.3597551821,"remaining_time":0.6574836087},
{"learn":[1.133504529],"iteration":116,"passed_time":0.3613941086,"remaining_time":0.6517449309},
{"learn":[1.124814803],"iteration":117,"passed_time":0.3630676134,"remaining_time":0.646137278},
{"learn":[1.115048729],"iteration":118,"passed_time":0.3647486893,"remaining_time":0.6406090425},
{"learn":[1.108768517],"iteration":119,"passed_time":0.3663729515,"remaining_time":0.6350464493},
{"learn":[1.10192808],"iteration":120,"passed_time":0.3680243343,"remaining_time":0.6295953487},
{"learn":[1.095141845],"iteration":121,"passed_time":0.3696007168,"remaining_time":0.6240798989},
{"learn":[1.087248802],"iteration":122,"passed_time":0.3711884637,"remaining_time":0.6186474394},
{"learn":[1.079405685],"iteration":123,"passed_time":0.3732230492,"remaining_time":0.6140121131},
{"learn":[1.073474504],"iteration":124,"passed_time":0.3748388218,"remaining_time":0.6087382466},
{"learn":[1.065387461],"iteration":125,"passed_time":0.3764316373,"remaining_time":0.6034856408},
{"learn":[1.058973488],"iteration":126,"passed_time":0.3781121358,"remaining_time":0.5984294433},
{"learn":[1.054544718],"iteration":127,"passed_time":0.3800073579,"remaining_time":0.5937614967},
{"learn":[1.049002629],"iteration":128,"passed_time":0.3817419508,"remaining_time":0.5888887458},
{"learn":[1.044322257],"iteration":129,"passed_time":0.3833982319,"remaining_time":0.5839449994},
{"learn":[1.037245499],"iteration":130,"passed_time":0.3850363694,"remaining_time":0.5790241585},
{"learn":[1.029762386],"iteration":131,"passed_time":0.3866126641,"remaining_time":0.5740612286},
{"learn":[1.025795814],"iteration":132,"passed_time":0.3888680453,"remaining_time":0.5701448784},
{"learn":[1.021329531],"iteration":133,"passed_time":0.3907425498,"remaining_time":0.5657019005},
{"learn":[1.016639074],"iteration":134,"passed_time":0.3926795883,"remaining_time":0.5613863744},
{"learn":[1.011924759],"iteration":135,"passed_time":0.394345756,"remaining_time":0.5567234202},
{"learn":[1.006329274],"iteration":136,"passed_time":0.3961458782,"remaining_time":0.5522909688},
{"learn":[1.003252588],"iteration":137,"passed_time":0.3979097122,"remaining_time":0.5478467052},
{"learn":[0.9957984323],"iteration":138,"passed_time":0.4001295277,"remaining_time":0.5440610125},
{"learn":[0.9917157805],"iteration":139,"passed_time":0.4020636938,"remaining_time":0.5399141032},
{"learn":[0.9869605567],"iteration":140,"passed_time":0.404058949,"remaining_time":0.535879599},
{"learn":[0.9809192107],"iteration":141,"passed_time":0.4059440954,"remaining_time":0.5317295897},
{"learn":[0.9766029533],"iteration":142,"passed_time":0.407748496,"remaining_time":0.5275067956},
{"learn":[0.9731195738],"iteration":143,"passed_time":0.4095155783,"remaining_time":0.5232699056},
{"learn":[0.9699802291],"iteration":144,"passed_time":0.4112755503,"remaining_time":0.5190581082},
{"learn":[0.9664198717],"iteration":145,"passed_time":0.4128559403,"remaining_time":0.5146560352},
{"learn":[0.9617156579],"iteration":146,"passed_time":0.4144708895,"remaining_time":0.5103349048},
{"learn":[0.9594387418],"iteration":147,"passed_time":0.4160238922,"remaining_time":0.505975004},
{"learn":[0.9572391628],"iteration":148,"passed_time":0.4175559886,"remaining_time":0.5016276642},
{"learn":[0.9537503265],"iteration":149,"passed_time":0.4193170533,"remaining_time":0.4975895699},
{"learn":[0.9518137704],"iteration":150,"passed_time":0.4211816369,"remaining_time":0.4937029784},
{"learn":[0.9478929555],"iteration":151,"passed_time":0.4232262187,"remaining_time":0.4900514111},
{"learn":[0.9462503725],"iteration":152,"passed_time":0.4254394416,"remaining_time":0.4866137404},
{"learn":[0.943255181],"iteration":153,"passed_time":0.4274825584,"remaining_time":0.4829997737},
{"learn":[0.9386863553],"iteration":154,"passed_time":0.4296541106,"remaining_time":0.4795494267},
{"learn":[0.9351203036],"iteration":155,"passed_time":0.4316461155,"remaining_time":0.475917512},
{"learn":[0.930293958],"iteration":156,"passed_time":0.4334764041,"remaining_time":0.472130351},
{"learn":[0.9288267644],"iteration":157,"passed_time":0.4353620053,"remaining_time":0.4684274741},
{"learn":[0.9261197986],"iteration":158,"passed_time":0.4375965412,"remaining_time":0.4651183362},
{"learn":[0.9228166928],"iteration":159,"passed_time":0.4395460488,"remaining_time":0.4615233512},
{"learn":[0.9193498232],"iteration":160,"passed_time":0.4414478049,"remaining_time":0.4578992759},
{"learn":[0.9171092774],"iteration":161,"passed_time":0.443275918,"remaining_time":0.4542210024},
{"learn":[0.9159967501],"iteration":162,"passed_time":0.4451077967,"remaining_time":0.450569242},
{"learn":[0.9135225199],"iteration":163,"passed_time":0.4469915246,"remaining_time":0.4469915246},
{"learn":[0.9090952436],"iteration":164,"passed_time":0.4488251395,"remaining_time":0.4433848348},
{"learn":[0.9066806533],"iteration":165,"passed_time":0.450787747,"remaining_time":0.4399253916},
{"learn":[0.901766222],"iteration":166,"passed_time":0.4528696812,"remaining_time":0.4365989143},
{"learn":[0.9004409868],"iteration":167,"passed_time":0.4551554784,"remaining_time":0.433481408},
{"learn":[0.8982350276],"iteration":168,"passed_time":0.4569947046,"remaining_time":0.4299535978},
{"learn":[0.8945905871],"iteration":169,"passed_time":0.4588677406,"remaining_time":0.4264770765},
{"learn":[0.8925160372],"iteration":170,"passed_time":0.4607902086,"remaining_time":0.4230646944},
{"learn":[0.8891880279],"iteration":171,"passed_time":0.4627440051,"remaining_time":0.4196980511},
{"learn":[0.8864694395],"iteration":172,"passed_time":0.4644940452,"remaining_time":0.416165185},
{"learn":[0.8828842879],"iteration":173,"passed_time":0.4664800894,"remaining_time":0.4128616884},
{"learn":[0.882047463],"iteration":174,"passed_time":0.4684790279,"remaining_time":0.4095845216},
{"learn":[0.8799439359],"iteration":175,"passed_time":0.4702742891,"remaining_time":0.4061459769},
{"learn":[0.8774801654],"iteration":176,"passed_time":0.4720186483,"remaining_time":0.4026825756},
{"learn":[0.8731397728],"iteration":177,"passed_time":0.4737902141,"remaining_time":0.3992614164},
{"learn":[0.8689504509],"iteration":178,"passed_time":0.475792602,"remaining_time":0.3960508251},
{"learn":[0.8677420128],"iteration":179,"passed_time":0.4775954006,"remaining_time":0.3926895516},
{"learn":[0.8665486125],"iteration":180,"passed_time":0.4795088854,"remaining_time":0.3894353931},
{"learn":[0.866480284],"iteration":181,"passed_time":0.4803916203,"remaining_time":0.385369102},
{"learn":[0.8625965933],"iteration":182,"passed_time":0.4822510358,"remaining_time":0.3821114765},
{"learn":[0.8610269979],"iteration":183,"passed_time":0.4844711201,"remaining_time":0.3791513114},
{"learn":[0.8591194608],"iteration":184,"passed_time":0.4862845285,"remaining_time":0.3758847977},
{"learn":[0.857349297],"iteration":185,"passed_time":0.4880612184,"remaining_time":0.3726058764},
{"learn":[0.8543391799],"iteration":186,"passed_time":0.4900752668,"remaining_time":0.3695219926},
{"learn":[0.8530398166],"iteration":187,"passed_time":0.4918420068,"remaining_time":0.3662653242},
{"learn":[0.8502695745],"iteration":188,"passed_time":0.4937549694,"remaining_time":0.3631319616},
{"learn":[0.8480919681],"iteration":189,"passed_time":0.4955309532,"remaining_time":0.3599119555},
{"learn":[0.844370693],"iteration":190,"passed_time":0.4976094758,"remaining_time":0.3569240742},
{"learn":[0.8414421872],"iteration":191,"passed_time":0.4998324481,"remaining_time":0.3540479841},
{"learn":[0.8390736942],"iteration":192,"passed_time":0.5015615484,"remaining_time":0.3508332074},
{"learn":[0.8374767731],"iteration":193,"passed_time":0.5033694862,"remaining_time":0.3476882018},
{"learn":[0.8363948893],"iteration":194,"passed_time":0.5052924523,"remaining_time":0.3446353649},
{"learn":[0.8346444272],"iteration":195,"passed_time":0.5071167618,"remaining_time":0.3415276151},
{"learn":[0.8328532279],"iteration":196,"passed_time":0.5088678787,"remaining_time":0.3383842239},
{"learn":[0.8309084064],"iteration":197,"passed_time":0.5105736737,"remaining_time":0.3352251393},
{"learn":[0.8272190539],"iteration":198,"passed_time":0.5122451272,"remaining_time":0.332058399},
{"learn":[0.8243118972],"iteration":199,"passed_time":0.5146634187,"remaining_time":0.329384588},
{"learn":[0.822061187],"iteration":200,"passed_time":0.5167774496,"remaining_time":0.3265210751},
{"learn":[0.8187146026],"iteration":201,"passed_time":0.5193248571,"remaining_time":0.3239353069},
{"learn":[0.8163108226],"iteration":202,"passed_time":0.5218909776,"remaining_time":0.3213614394},
{"learn":[0.8147421352],"iteration":203,"passed_time":0.5240259925,"remaining_time":0.3185256033},
{"learn":[0.8110872823],"iteration":204,"passed_time":0.5260482511,"remaining_time":0.3156289507},
{"learn":[0.8090472974],"iteration":205,"passed_time":0.5283034423,"remaining_time":0.3128787377},
{"learn":[0.8081495679],"iteration":206,"passed_time":0.5302577172,"remaining_time":0.3099574096},
{"learn":[0.8059486494],"iteration":207,"passed_time":0.5321816499,"remaining_time":0.3070278749},
{"learn":[0.8038581199],"iteration":208,"passed_time":0.5345031377,"remaining_time":0.3043343224},
{"learn":[0.8025996199],"iteration":209,"passed_time":0.5366488562,"remaining_time":0.3015455478},
{"learn":[0.8009253893],"iteration":210,"passed_time":0.5388943155,"remaining_time":0.298818175},
{"learn":[0.7986779338],"iteration":211,"passed_time":0.5413202071,"remaining_time":0.2961940756},
{"learn":[0.7978329173],"iteration":212,"passed_time":0.5438251425,"remaining_time":0.2936145136},
{"learn":[0.7972879299],"iteration":213,"passed_time":0.5460388811,"remaining_time":0.2908805254},
{"learn":[0.7951123162],"iteration":214,"passed_time":0.5484170504,"remaining_time":0.2882377986},
{"learn":[0.7929785833],"iteration":215,"passed_time":0.5505430171,"remaining_time":0.2854667496},
{"learn":[0.7913872989],"iteration":216,"passed_time":0.5533096506,"remaining_time":0.2830293604},
{"learn":[0.7891176886],"iteration":217,"passed_time":0.5557747583,"remaining_time":0.2804368046},
{"learn":[0.7873228634],"iteration":218,"passed_time":0.5579934553,"remaining_time":0.27772277},
{"learn":[0.7854565462],"iteration":219,"passed_time":0.5604191509,"remaining_time":0.2751148559},
{"learn":[0.7819733127],"iteration":220,"passed_time":0.5626115365,"remaining_time":0.2723956308},
{"learn":[0.7781300853],"iteration":221,"passed_time":0.5647457948,"remaining_time":0.2696533975},
{"learn":[0.7764549145],"iteration":222,"passed_time":0.5669479002,"remaining_time":0.2669485629},
{"learn":[0.7739056149],"iteration":223,"passed_time":0.5689229547,"remaining_time":0.2641428004},
{"learn":[0.7726840132],"iteration":224,"passed_time":0.57174402,"remaining_time":0.2617317069},
{"learn":[0.7698518943],"iteration":225,"passed_time":0.5739672468,"remaining_time":0.2590471645},
{"learn":[0.7680604968],"iteration":226,"passed_time":0.5762429271,"remaining_time":0.2563900248},
{"learn":[0.7653400667],"iteration":227,"passed_time":0.5787231675,"remaining_time":0.2538259507},
{"learn":[0.7645746261],"iteration":228,"passed_time":0.5809787277,"remaining_time":0.2511654762},
{"learn":[0.763215071],"iteration":229,"passed_time":0.5833452466,"remaining_time":0.2485558007},
{"learn":[0.760764956],"iteration":230,"passed_time":0.5856557588,"remaining_time":0.2459247126},
{"learn":[0.7591734444],"iteration":231,"passed_time":0.5876800282,"remaining_time":0.2431779427},
{"learn":[0.7576606088],"iteration":232,"passed_time":0.589963928,"remaining_time":0.2405432325},
{"learn":[0.7546868738],"iteration":233,"passed_time":0.5920953473,"remaining_time":0.2378502677},
{"learn":[0.7528522808],"iteration":234,"passed_time":0.5945964518,"remaining_time":0.2353083831},
{"learn":[0.7506873812],"iteration":235,"passed_time":0.5970282103,"remaining_time":0.2327398108},
{"learn":[0.7493408702],"iteration":236,"passed_time":0.5995332014,"remaining_time":0.2302005119},
{"learn":[0.7478568736],"iteration":237,"passed_time":0.6018923126,"remaining_time":0.2276063367},
{"learn":[0.7469541834],"iteration":238,"passed_time":0.6042624103,"remaining_time":0.2250182197},
{"learn":[0.7432169316],"iteration":239,"passed_time":0.606918925,"remaining_time":0.2225369392},
{"learn":[0.7423123638],"iteration":240,"passed_time":0.6092700968,"remaining_time":0.2199439769},
{"learn":[0.7407690754],"iteration":241,"passed_time":0.6116158469,"remaining_time":0.2173510861},
{"learn":[0.7370535107],"iteration":242,"passed_time":0.6142522705,"remaining_time":0.2148619053},
{"learn":[0.7343282181],"iteration":243,"passed_time":0.6168451706,"remaining_time":0.2123565341},
{"learn":[0.7335789196],"iteration":244,"passed_time":0.6192130002,"remaining_time":0.2097742001},
{"learn":[0.7321791795],"iteration":245,"passed_time":0.6217347145,"remaining_time":0.2072449048},
{"learn":[0.7316044286],"iteration":246,"passed_time":0.6242504111,"remaining_time":0.2047136976},
{"learn":[0.7295916676],"iteration":247,"passed_time":0.6267991931,"remaining_time":0.2021932881},
{"learn":[0.7258312182],"iteration":248,"passed_time":0.6293757932,"remaining_time":0.1996814765},
{"learn":[0.7230819744],"iteration":249,"passed_time":0.6317737992,"remaining_time":0.1971134253},
{"learn":[0.7220382143],"iteration":250,"passed_time":0.6342846171,"remaining_time":0.1945813367},
{"learn":[0.7209639586],"iteration":251,"passed_time":0.6371267726,"remaining_time":0.1921493441},
{"learn":[0.7199740131],"iteration":252,"passed_time":0.6397325297,"remaining_time":0.1896440305},
{"learn":[0.7160837599],"iteration":253,"passed_time":0.6421921785,"remaining_time":0.1870953591},
{"learn":[0.7150853671],"iteration":254,"passed_time":0.6447194767,"remaining_time":0.1845667522},
{"learn":[0.7130273809],"iteration":255,"passed_time":0.6469674346,"remaining_time":0.181959591},
{"learn":[0.711338774],"iteration":256,"passed_time":0.6501819089,"remaining_time":0.1796222394},
{"learn":[0.7097011259],"iteration":257,"passed_time":0.6524206546,"remaining_time":0.1770133559},
{"learn":[0.7088681135],"iteration":258,"passed_time":0.6548018057,"remaining_time":0.1744452687},
{"learn":[0.7083518849],"iteration":259,"passed_time":0.6571107242,"remaining_time":0.1718597279},
{"learn":[0.7065213467],"iteration":260,"passed_time":0.6593240072,"remaining_time":0.1692517566},
{"learn":[0.7059596568],"iteration":261,"passed_time":0.6616793781,"remaining_time":0.1666825914},
{"learn":[0.705641488],"iteration":262,"passed_time":0.6638110518,"remaining_time":0.1640597657},
{"learn":[0.7035028027],"iteration":263,"passed_time":0.6667422374,"remaining_time":0.1616344818},
{"learn":[0.701069867],"iteration":264,"passed_time":0.6693004759,"remaining_time":0.1591167169},
{"learn":[0.7000431915],"iteration":265,"passed_time":0.6715309388,"remaining_time":0.1565222489},
{"learn":[0.697250603],"iteration":266,"passed_time":0.6736474746,"remaining_time":0.1539044792},
{"learn":[0.6963834172],"iteration":267,"passed_time":0.6764594372,"remaining_time":0.1514461427},
{"learn":[0.6946129842],"iteration":268,"passed_time":0.6788833335,"remaining_time":0.148900062},
{"learn":[0.6936502278],"iteration":269,"passed_time":0.681084361,"remaining_time":0.1463070109},
{"learn":[0.6901580506],"iteration":270,"passed_time":0.6834438416,"remaining_time":0.1437501807},
{"learn":[0.6893440137],"iteration":271,"passed_time":0.6856930746,"remaining_time":0.1411721036},
{"learn":[0.6885023924],"iteration":272,"passed_time":0.688050748,"remaining_time":0.1386182826},
{"learn":[0.6876158088],"iteration":273,"passed_time":0.6904627058,"remaining_time":0.1360765917},
{"learn":[0.6850742816],"iteration":274,"passed_time":0.6927050672,"remaining_time":0.1335031584},
{"learn":[0.6821795779],"iteration":275,"passed_time":0.6949789627,"remaining_time":0.1309380654},
{"learn":[0.6812005342],"iteration":276,"passed_time":0.6970276502,"remaining_time":0.1283336107},
{"learn":[0.6791780634],"iteration":277,"passed_time":0.6992725574,"remaining_time":0.1257684456},
{"learn":[0.6763481807],"iteration":278,"passed_time":0.701267728,"remaining_time":0.1231617157},
{"learn":[0.6753691747],"iteration":279,"passed_time":0.7031305003,"remaining_time":0.1205366572},
{"learn":[0.6744604524],"iteration":280,"passed_time":0.7048487091,"remaining_time":0.1178928446},
{"learn":[0.6724081417],"iteration":281,"passed_time":0.7073580236,"remaining_time":0.1153846421},
{"learn":[0.6715480648],"iteration":282,"passed_time":0.7093920084,"remaining_time":0.1128008494},
{"learn":[0.6695709488],"iteration":283,"passed_time":0.7115010953,"remaining_time":0.1102325641},
{"learn":[0.668323898],"iteration":284,"passed_time":0.7135800474,"remaining_time":0.1076629545},
{"learn":[0.6659555676],"iteration":285,"passed_time":0.7160196386,"remaining_time":0.1051497371},
{"learn":[0.6651996529],"iteration":286,"passed_time":0.7185220339,"remaining_time":0.1026460048},
{"learn":[0.6633818622],"iteration":287,"passed_time":0.7206810401,"remaining_time":0.1000945889},
{"learn":[0.6623639162],"iteration":288,"passed_time":0.7231022605,"remaining_time":0.09758127391},
{"learn":[0.661447579],"iteration":289,"passed_time":0.7251376491,"remaining_time":0.09501803677},
{"learn":[0.6591366536],"iteration":290,"passed_time":0.7271529573,"remaining_time":0.09245587429},
{"learn":[0.6572752831],"iteration":291,"passed_time":0.7292941187,"remaining_time":0.08991297354},
{"learn":[0.6567050459],"iteration":292,"passed_time":0.7314666724,"remaining_time":0.08737656496},
{"learn":[0.6563455215],"iteration":293,"passed_time":0.7338090681,"remaining_time":0.08486227318},
{"learn":[0.6541550978],"iteration":294,"passed_time":0.7356503283,"remaining_time":0.08229308758},
{"learn":[0.6512812778],"iteration":295,"passed_time":0.7376471342,"remaining_time":0.07974563613},
{"learn":[0.649590934],"iteration":296,"passed_time":0.7397229695,"remaining_time":0.0772101416},
{"learn":[0.6474142732],"iteration":297,"passed_time":0.7417893299,"remaining_time":0.07467677818},
{"learn":[0.6461377121],"iteration":298,"passed_time":0.7437352836,"remaining_time":0.07213486028},
{"learn":[0.6445036844],"iteration":299,"passed_time":0.7460973749,"remaining_time":0.06963575499},
{"learn":[0.6434371897],"iteration":300,"passed_time":0.748556183,"remaining_time":0.06714623568},
{"learn":[0.6427221586],"iteration":301,"passed_time":0.7505653442,"remaining_time":0.06461820844},
{"learn":[0.6420497575],"iteration":302,"passed_time":0.7526325725,"remaining_time":0.06209839707},
{"learn":[0.6403465479],"iteration":303,"passed_time":0.7547643059,"remaining_time":0.05958665573},
{"learn":[0.6396368373],"iteration":304,"passed_time":0.7566997399,"remaining_time":0.05706260334},
{"learn":[0.6375091954],"iteration":305,"passed_time":0.7587651458,"remaining_time":0.05455174251},
{"learn":[0.6359480374],"iteration":306,"passed_time":0.7613053463,"remaining_time":0.05207626148},
{"learn":[0.6352649855],"iteration":307,"passed_time":0.7634670522,"remaining_time":0.04957578261},
{"learn":[0.6344647937],"iteration":308,"passed_time":0.7655441955,"remaining_time":0.04707229681},
{"learn":[0.6337223966],"iteration":309,"passed_time":0.7677676022,"remaining_time":0.04458005432},
{"learn":[0.6320277401],"iteration":310,"passed_time":0.7698705404,"remaining_time":0.04208295559},
{"learn":[0.6299269215],"iteration":311,"passed_time":0.7720313855,"remaining_time":0.0395913531},
{"learn":[0.6268884489],"iteration":312,"passed_time":0.7740452395,"remaining_time":0.03709481979},
{"learn":[0.6260938598],"iteration":313,"passed_time":0.776150213,"remaining_time":0.03460542351},
{"learn":[0.6245859921],"iteration":314,"passed_time":0.7784001656,"remaining_time":0.03212445128},
{"learn":[0.6238360541],"iteration":315,"passed_time":0.7807859694,"remaining_time":0.0296501001},
{"learn":[0.6225244518],"iteration":316,"passed_time":0.7832707464,"remaining_time":0.02717974199},
{"learn":[0.6220664478],"iteration":317,"passed_time":0.7854769539,"remaining_time":0.02470053314},
{"learn":[0.6209119891],"iteration":318,"passed_time":0.788160509,"remaining_time":0.02223650339},
{"learn":[0.6191760006],"iteration":319,"passed_time":0.791497917,"remaining_time":0.01978744792},
{"learn":[0.6177233686],"iteration":320,"passed_time":0.793931225,"remaining_time":0.01731314198},
{"learn":[0.6166986796],"iteration":321,"passed_time":0.7961884967,"remaining_time":0.0148358105},
{"learn":[0.6156065987],"iteration":322,"passed_time":0.7984163938,"remaining_time":0.0123593869},
{"learn":[0.6146705178],"iteration":323,"passed_time":0.8006269696,"remaining_time":0.009884283575},
{"learn":[0.6123276664],"iteration":324,"passed_time":0.8026952077,"remaining_time":0.007409494225},
{"learn":[0.6110428112],"iteration":325,"passed_time":0.8048829417,"remaining_time":0.004937932158},
{"learn":[0.6104897728],"iteration":326,"passed_time":0.8075931434,"remaining_time":0.002469703802},
{"learn":[0.6094399279],"iteration":327,"passed_time":0.8098926699,"remaining_time":0}
]}